Year,DJF_Mean
1979,-2.6
1980,-1.406666667
1981,-2.315
1982,-3.8
1983,-2.49
1984,-2.753333333
1985,-2.76
1986,-3.463333333
1987,-1.665
1988,-1.21
1990,-3.46
1991,-6.03
1994,0.24
1995,-4.18
1996,5.28
1997,-3.89
1998,-3.583333333
1999,-1.84
2000,-2.26
